# instant_demande	instant_effectif	action	cause	intensite	cible	outil	resultat
2026-09-12T19:01:45Z		injection	blocage		ts-delivery-service-79c46f4f45-bmgvs@workers2	sigstop	NON_CONFIRMEE
2026-09-12T19:08:32Z	2026-09-12T19:08:33Z	retrait	blocage		ts-delivery-service-79c46f4f45-bmgvs	sigstop	ok
2026-09-12T19:12:57Z	2026-09-12T19:12:59Z	injection	blocage		ts-delivery-service-79c46f4f45-bmgvs@workers2	sigstop	confirmee
2026-09-12T19:17:55Z	2026-09-12T19:17:56Z	retrait	blocage		ts-delivery-service-79c46f4f45-bmgvs	sigstop	ok
2026-09-12T20:03:00Z	2026-09-12T20:03:29Z	injection	charge	50	locust	loadgen	confirmee
2026-09-12T20:07:58Z	2026-09-12T20:08:26Z	retrait	charge	50	locust	loadgen	ok
2026-09-12T20:31:55Z	2026-09-12T20:31:59Z	injection	lenteur	300	ts-delivery-service x3 -> app=tsdb-mysql	chaos-mesh/networkchaos	confirmee
2026-09-12T20:36:53Z	2026-09-12T20:36:57Z	retrait	lenteur	300	ts-delivery-service (3 répliques) -> app=tsdb-mysql	chaos-mesh	ok
2026-09-12T20:48:44Z		injection	hote	2	workers0	chaos-mesh/stresschaos	NON_CONFIRMEE
2026-09-12T20:53:41Z	2026-09-12T20:53:41Z	retrait	hote	2	workers0	chaos-mesh	ok
2026-09-12T21:01:44Z	2026-09-12T21:01:51Z	injection	hote	2	workers0	chaos-mesh/stresschaos	confirmee
2026-09-12T21:06:43Z	2026-09-12T21:07:16Z	retrait	hote	2	workers0	chaos-mesh	ok
2026-09-12T21:19:18Z	2026-09-12T21:19:31Z	injection	charge	35	locust	loadgen	confirmee
2026-09-12T21:39:16Z	2026-09-12T21:39:28Z	retrait	charge	35	locust	loadgen	ok
2026-09-12T22:04:17Z	2026-09-12T22:04:29Z	injection	charge	35	locust	loadgen	confirmee
2026-09-12T22:24:16Z	2026-09-12T22:24:28Z	retrait	charge	35	locust	loadgen	ok
2026-09-12T22:49:18Z	2026-09-12T22:49:30Z	injection	charge	35	locust	loadgen	confirmee
2026-09-12T23:09:15Z	2026-09-12T23:09:27Z	retrait	charge	35	locust	loadgen	ok
2026-09-12T23:48:53Z	2026-09-12T23:49:05Z	injection	charge	35	locust	loadgen	confirmee
2026-09-13T00:08:51Z	2026-09-13T00:09:03Z	retrait	charge	35	locust	loadgen	ok
2026-09-13T00:33:53Z	2026-09-13T00:34:05Z	injection	charge	35	locust	loadgen	confirmee
2026-09-13T00:53:52Z	2026-09-13T00:54:04Z	retrait	charge	35	locust	loadgen	ok
2026-09-13T01:18:54Z	2026-09-13T01:19:06Z	injection	charge	35	locust	loadgen	confirmee
2026-09-13T01:38:52Z	2026-09-13T01:39:04Z	retrait	charge	35	locust	loadgen	ok
2026-09-13T03:39:49Z	2026-09-13T03:40:01Z	injection	charge	35	locust	loadgen	confirmee
2026-09-13T03:59:47Z	2026-09-13T03:59:59Z	retrait	charge	35	locust	loadgen	ok
2026-09-13T04:24:48Z	2026-09-13T04:25:00Z	injection	charge	35	locust	loadgen	confirmee
2026-09-13T04:44:47Z	2026-09-13T04:44:59Z	retrait	charge	35	locust	loadgen	ok
2026-09-13T05:09:48Z	2026-09-13T05:10:00Z	injection	charge	35	locust	loadgen	confirmee
2026-09-13T05:29:47Z	2026-09-13T05:29:59Z	retrait	charge	35	locust	loadgen	ok
2026-09-13T06:17:13Z	2026-09-13T06:17:14Z	injection	blocage		ts-delivery-service-79c46f4f45-bmgvs@workers2	sigstop	confirmee
2026-09-13T06:37:12Z	2026-09-13T06:37:13Z	retrait	blocage		ts-delivery-service-79c46f4f45-bmgvs	sigstop	ok
2026-09-13T07:02:13Z	2026-09-13T07:02:14Z	injection	blocage		ts-delivery-service-79c46f4f45-bmgvs@workers2	sigstop	confirmee
2026-09-13T07:22:12Z	2026-09-13T07:22:13Z	retrait	blocage		ts-delivery-service-79c46f4f45-bmgvs	sigstop	ok
2026-09-13T07:47:13Z	2026-09-13T07:47:15Z	injection	blocage		ts-delivery-service-79c46f4f45-bmgvs@workers2	sigstop	confirmee
2026-09-13T08:07:11Z	2026-09-13T08:07:12Z	retrait	blocage		ts-delivery-service-79c46f4f45-bmgvs	sigstop	ok
2026-09-13T08:33:30Z	2026-09-13T08:33:33Z	injection	lenteur	75	ts-delivery-service x3 -> app=tsdb-mysql	chaos-mesh/networkchaos	confirmee
2026-09-13T08:53:28Z	2026-09-13T08:53:32Z	retrait	lenteur	75	ts-delivery-service (3 répliques) -> app=tsdb-mysql	chaos-mesh	ok
2026-09-13T09:18:30Z	2026-09-13T09:18:33Z	injection	lenteur	75	ts-delivery-service x3 -> app=tsdb-mysql	chaos-mesh/networkchaos	confirmee
2026-09-13T09:38:28Z	2026-09-13T09:38:32Z	retrait	lenteur	75	ts-delivery-service (3 répliques) -> app=tsdb-mysql	chaos-mesh	ok
2026-09-13T10:03:29Z	2026-09-13T10:03:33Z	injection	lenteur	75	ts-delivery-service x3 -> app=tsdb-mysql	chaos-mesh/networkchaos	confirmee
2026-09-13T10:23:28Z	2026-09-13T10:23:32Z	retrait	lenteur	75	ts-delivery-service (3 répliques) -> app=tsdb-mysql	chaos-mesh	ok
2026-09-13T10:50:15Z	2026-09-13T10:50:22Z	injection	hote	2	workers0	chaos-mesh/stresschaos	confirmee
2026-09-13T11:10:14Z	2026-09-13T11:10:51Z	retrait	hote	2	workers0	chaos-mesh	ok
2026-09-13T11:35:16Z	2026-09-13T11:35:23Z	injection	hote	2	workers0	chaos-mesh/stresschaos	confirmee
2026-09-13T11:55:13Z	2026-09-13T11:55:47Z	retrait	hote	2	workers0	chaos-mesh	ok
2026-09-13T12:20:15Z	2026-09-13T12:20:22Z	injection	hote	2	workers0	chaos-mesh/stresschaos	confirmee
2026-09-13T12:40:13Z	2026-09-13T12:40:47Z	retrait	hote	2	workers0	chaos-mesh	ok
2026-09-25T10:36:57Z	2026-09-25T10:36:58Z	injection	blocage		ts-delivery-service-79c46f4f45-bmgvs@workers2	sigstop	confirmee
2026-09-25T10:38:55Z	2026-09-25T10:38:56Z	retrait	blocage		ts-delivery-service-79c46f4f45-bmgvs	sigstop	ok
2026-09-25T10:39:57Z	2026-09-25T10:39:58Z	injection	blocage		ts-delivery-service-79c46f4f45-r5pwb@workers0	sigstop	confirmee
2026-09-25T10:41:55Z	2026-09-25T10:41:56Z	retrait	blocage		ts-delivery-service-79c46f4f45-r5pwb	sigstop	ok
2026-09-25T10:42:57Z	2026-09-25T10:42:59Z	injection	blocage		ts-delivery-service-79c46f4f45-tvmfl@workers5	sigstop	confirmee
2026-09-25T10:44:55Z	2026-09-25T10:44:56Z	retrait	blocage		ts-delivery-service-79c46f4f45-tvmfl	sigstop	ok
2026-09-25T10:49:22Z	2026-09-25T10:49:29Z	injection	hote	2	workers5	chaos-mesh/stresschaos	confirmee
2026-09-25T10:51:20Z	2026-09-25T10:51:52Z	retrait	hote	2	workers5	chaos-mesh	ok
2026-09-25T10:52:23Z	2026-09-25T10:52:29Z	injection	hote	2	workers2	chaos-mesh/stresschaos	confirmee
2026-09-25T10:54:20Z	2026-09-25T10:54:52Z	retrait	hote	2	workers2	chaos-mesh	ok
2026-09-25T10:55:22Z	2026-09-25T10:55:29Z	injection	hote	2	workers0	chaos-mesh/stresschaos	confirmee
2026-09-25T10:57:21Z	2026-09-25T10:57:53Z	retrait	hote	2	workers0	chaos-mesh	ok
2026-09-25T11:15:58Z	2026-09-25T11:16:00Z	injection	blocage		ts-delivery-service-79c46f4f45-bmgvs@workers2	sigstop	confirmee
2026-09-25T11:35:57Z	2026-09-25T11:35:57Z	retrait	blocage		ts-delivery-service-79c46f4f45-bmgvs	sigstop	ok
2026-09-25T12:00:58Z	2026-09-25T12:01:00Z	injection	blocage		ts-delivery-service-79c46f4f45-r5pwb@workers0	sigstop	confirmee
2026-09-25T12:20:57Z	2026-09-25T12:20:57Z	retrait	blocage		ts-delivery-service-79c46f4f45-r5pwb	sigstop	ok
2026-09-25T12:45:58Z	2026-09-25T12:46:00Z	injection	blocage		ts-delivery-service-79c46f4f45-tvmfl@workers5	sigstop	confirmee
2026-09-25T13:05:57Z	2026-09-25T13:05:57Z	retrait	blocage		ts-delivery-service-79c46f4f45-tvmfl	sigstop	ok
2026-09-25T13:31:28Z	2026-09-25T13:31:35Z	injection	hote	2	workers5	chaos-mesh/stresschaos	confirmee
2026-09-25T13:51:26Z	2026-09-25T13:52:00Z	retrait	hote	2	workers5	chaos-mesh	ok
2026-09-25T14:16:28Z	2026-09-25T14:16:35Z	injection	hote	2	workers2	chaos-mesh/stresschaos	confirmee
2026-09-25T14:36:27Z	2026-09-25T14:37:12Z	retrait	hote	2	workers2	chaos-mesh	ok
2026-09-25T15:01:29Z	2026-09-25T15:01:35Z	injection	hote	2	workers0	chaos-mesh/stresschaos	confirmee
2026-09-25T15:21:27Z	2026-09-25T15:22:09Z	retrait	hote	2	workers0	chaos-mesh	ok
2026-09-25T15:48:01Z	2026-09-25T15:48:13Z	injection	charge	35	locust	loadgen	confirmee
2026-09-25T16:07:58Z	2026-09-25T16:08:10Z	retrait	charge	35	locust	loadgen	ok
2026-09-25T16:33:01Z	2026-09-25T16:33:13Z	injection	charge	35	locust	loadgen	confirmee
2026-09-25T16:52:59Z	2026-09-25T16:53:11Z	retrait	charge	35	locust	loadgen	ok
2026-09-25T17:18:00Z	2026-09-25T17:18:12Z	injection	charge	35	locust	loadgen	confirmee
2026-09-25T17:37:59Z	2026-09-25T17:38:11Z	retrait	charge	35	locust	loadgen	ok
2026-09-25T18:03:28Z	2026-09-25T18:03:32Z	injection	lenteur	75	ts-delivery-service x3 -> app=tsdb-mysql	chaos-mesh/networkchaos	confirmee
2026-09-25T18:23:26Z	2026-09-25T18:23:31Z	retrait	lenteur	75	ts-delivery-service (3 répliques) -> app=tsdb-mysql	chaos-mesh	ok
2026-09-25T18:48:29Z	2026-09-25T18:48:33Z	injection	lenteur	75	ts-delivery-service x3 -> app=tsdb-mysql	chaos-mesh/networkchaos	confirmee
2026-09-25T19:08:27Z	2026-09-25T19:08:31Z	retrait	lenteur	75	ts-delivery-service (3 répliques) -> app=tsdb-mysql	chaos-mesh	ok
2026-09-25T19:33:28Z	2026-09-25T19:33:32Z	injection	lenteur	75	ts-delivery-service x3 -> app=tsdb-mysql	chaos-mesh/networkchaos	confirmee
2026-09-25T19:53:27Z	2026-09-25T19:53:31Z	retrait	lenteur	75	ts-delivery-service (3 répliques) -> app=tsdb-mysql	chaos-mesh	ok
