# instant_demande	instant_effectif	voyageurs_observes	voyageurs_demandes	spawn_rate	cible	origine
2026-09-11T21:29:50Z	2026-09-11T21:29:50Z	10	10	1	train-ticket	demarrage
2026-09-11T21:30:21Z	2026-09-11T21:30:21Z	10	10	1	train-ticket	demarrage
2026-09-11T21:40:53Z	2026-09-11T21:40:53Z	10	10	1	train-ticket	demarrage
2026-09-11T21:45:04Z	2026-09-11T21:45:05Z	10	10	1	train-ticket	demande
2026-09-11T22:00:06Z	2026-09-11T22:00:28Z	30	30	1	train-ticket	demande
2026-09-11T22:15:29Z	2026-09-11T22:15:51Z	10	10	1	train-ticket	demande
2026-09-11T22:30:52Z	2026-09-11T22:31:41Z	55	55	1	train-ticket	demande
2026-09-12T13:23:40Z	2026-09-12T13:24:07Z	80	80	1	train-ticket	demande
2026-09-12T13:33:40Z	2026-09-12T13:35:01Z	160	160	1	train-ticket	demande
2026-09-12T13:43:40Z	2026-09-12T13:46:22Z	320	320	1	train-ticket	demande
2026-09-12T14:07:44Z		265	25	1	train-ticket	demande_non_aboutie
2026-09-12T14:10:12Z		117	25	1	train-ticket	demande_non_aboutie
2026-09-12T14:34:16Z	2026-09-12T14:34:16Z	10	10	1	train-ticket	demarrage
2026-09-12T14:54:21Z	2026-09-12T14:54:38Z	25	25	1	train-ticket	demande
2026-09-12T15:01:19Z	2026-09-12T15:01:47Z	1	1	1	train-ticket	demande
2026-09-12T15:12:55Z	2026-09-12T15:13:01Z	5	5	1	train-ticket	demande
2026-09-12T15:25:32Z	2026-09-12T15:25:32Z	10	10	1	train-ticket	demarrage
2026-09-12T15:30:30Z	2026-09-12T15:30:48Z	25	25	1	train-ticket	demande
2026-09-12T16:09:22Z	2026-09-12T16:09:39Z	10	10	1	train-ticket	demande
2026-09-12T16:15:19Z	2026-09-12T16:15:19Z	10	10	1	train-ticket	demande
2026-09-12T16:17:20Z	2026-09-12T16:17:21Z	10	10	1	train-ticket	demande
2026-09-12T16:21:20Z	2026-09-12T16:21:20Z	10	10	1	train-ticket	demande
2026-09-12T16:22:56Z	2026-09-12T16:22:57Z	10	10	1	train-ticket	demande
2026-09-12T16:37:57Z	2026-09-12T16:38:14Z	25	25	1	train-ticket	demande
2026-09-12T17:07:57Z	2026-09-12T17:08:03Z	20	20	1	train-ticket	demande
2026-09-12T17:22:57Z	2026-09-12T17:23:09Z	10	10	1	train-ticket	demande
2026-09-12T18:58:43Z	2026-09-12T18:59:01Z	25	25	1	train-ticket	demande
2026-09-12T19:09:55Z	2026-09-12T19:09:56Z	25	25	1	train-ticket	demande
2026-09-12T19:59:59Z	2026-09-12T20:00:00Z	25	25	1	train-ticket	demande
2026-09-12T20:03:01Z	2026-09-12T20:03:29Z	50	50	1	train-ticket	panne
2026-09-12T20:07:59Z	2026-09-12T20:08:26Z	25	25	1	train-ticket	retour_panne
2026-09-12T20:28:54Z	2026-09-12T20:28:55Z	25	25	1	train-ticket	demande
2026-09-12T20:45:41Z	2026-09-12T20:45:42Z	25	25	1	train-ticket	demande
