# instant	action	lignes_avant	resultat
2026-09-12T15:27:25Z	purger	21173	ok
2026-09-12T15:45:13Z	purger	6307	ok
2026-09-12T16:09:06Z	purger	11230	ok
2026-09-12T16:15:15Z	purger	1750	ok
2026-09-12T16:21:11Z	purger	1132	ok
2026-09-12T16:22:53Z	purger	301	ok
2026-09-12T18:58:35Z	purger	41406	ok
2026-09-12T19:09:51Z	purger	5351	ok
2026-09-12T19:59:51Z	purger	23916	ok
2026-09-12T20:15:32Z	purger	9478	ok
2026-09-12T20:45:33Z	purger	15030	ok
2026-09-12T20:58:35Z	purger	6216	ok
2026-09-12T21:14:08Z	purger	7378	ok
2026-09-12T23:43:06Z	purger	60781	ok
2026-09-12T23:43:44Z	purger	1508	ok
2026-09-13T02:13:59Z	dimensionner	500m	ECHEC
2026-09-13T02:30:14Z	purger	64764	ok
2026-09-13T03:34:38Z	purger	24029	ok
2026-09-13T06:00:46Z	purger	76914	ok
2026-09-13T06:12:04Z	purger	4198	ok
